<?xml version="1.0" encoding="UTF-8"?>
<project-private xmlns="http://www.netbeans.org/ns/project-private/1">
    <editor-bookmarks xmlns="http://www.netbeans.org/ns/editor-bookmarks/2" lastBookmarkId="0"/>
    <open-files xmlns="http://www.netbeans.org/ns/projectui-open-files/2">
        <group>
            <file>file:/C:/Users/guilherme.bertola/Desktop/womenintech/BackEnd/web/redirect.jsp</file>
            <file>file:/C:/Users/guilherme.bertola/Desktop/womenintech/BackEnd/web/WEB-INF/jsp/index.jsp</file>
            <file>file:/C:/Users/guilherme.bertola/Desktop/womenintech/BackEnd/src/java/ConnectionFactory.java</file>
            <file>file:/C:/Users/guilherme.bertola/Desktop/womenintech/BackEnd/src/java/Usuario.java</file>
            <file>file:/C:/Users/guilherme.bertola/Desktop/womenintech/BackEnd/web/WEB-INF/dispatcher-servlet.xml</file>
            <file>file:/C:/Users/guilherme.bertola/Desktop/womenintech/BackEnd/nbproject/build-impl.xml</file>
            <file>file:/C:/Users/guilherme.bertola/Desktop/womenintech/BackEnd/web/WEB-INF/applicationContext.xml</file>
            <file>file:/C:/Users/guilherme.bertola/Desktop/womenintech/BackEnd/src/java/UsuarioDAO.java</file>
            <file>file:/C:/Users/guilherme.bertola/Desktop/womenintech/BackEnd/web/WEB-INF/web.xml</file>
        </group>
    </open-files>
</project-private>
